"url","title","keyword","slug","description","intro","cta","bullets","tags","examples","tips_do","tips_avoid","h2a_title","h2a_text","h2b_title","h2b_text","h2c_title","h2c_text","faq1_q","faq1_a","faq2_q","faq2_a","faq3_q","faq3_a","internal_links"
"/chat/chat-s-devushkoi-online/","Чат с девушкой онлайн","чат с девушкой онлайн","chat-s-devushkoi-online","Быстрый старт без регистрации: мгновенно откройте диалог и задайте тон беседы.","Ищете чат с девушкой онлайн? Нажмите одну кнопку и начните тёплую переписку в своём ритме.","Открыть чат в Telegram","Лёгкий старт без форм|Выбор образа под настроение|Дружелюбная, уважительная подача","","Привет! Начнём с короткого сообщения?|Можно я задам простой вопрос?|Давай держать спокойный темп.","Поддерживать мягкий тон|Добавлять короткий вопрос|Соблюдать границы","Без грубости|Без давления|Не делиться личными данными","Как начать","Скопируйте одну из подсказок и добавьте короткий вопрос.","Что писать дальше","Опирайтесь на интересы собеседницы и держите добрый ритм.","Чего избегать","Не спешите, избегайте резкости и личных данных.","Нужна ли регистрация для чат с девушкой онлайн?","Нет, переписка открывается сразу — одним нажатием.","Можно ли вести спокойную беседу?","Да, темп и тон выбираете вы — от лёгкого флирта до ровного диалога.","Это анонимно?","Мы не просим лишних данных, сохраняйте приватность и не делитесь личной информацией.","/chat/chto-napisat-devushke-idei/|/chat/klassicheskii-flirt-v-soobshcheniyakh/|/chat/znakomstvo-bez-nelovkikh-pauz/"
"/chat/virtualnaya-sobesednica-24-7/","Виртуальная собеседница 24/7","виртуальная собеседница 24/7","virtualnaya-sobesednica-24-7","Всегда на связи: начните разговор в любое время, когда хочется поддержки и внимания.","Нужна виртуальная собеседница 24/7? Запускайте переписку в Telegram и говорите о том, что важно.","Начать переписку","Доступно круглосуточно|Мягкий дружелюбный тон|Без навязчивых вопросов","","Привет! Можно немного поддержки прямо сейчас?|Давай просто поговорим, без формальностей?|Можно задать пару вопросов о моём дне?","Поддерживать мягкий тон|Добавлять короткий вопрос|Соблюдать границы","Без грубости|Без давления|Не делиться личными данными","Как начать","Одним нажатием откройте чат и напишите короткое приветствие.","Что писать дальше","Расскажите, что важно, и поддерживайте спокойный ритм.","Чего избегать","Не перегружайте личными данными и резкими темами.","Как быстро начать диалог с виртуальной собеседницей 24/7?","Нажмите кнопку — чат откроется моментально.","Можно ли сменить тему разговора?","Конечно, вы задаёте настроение и направление беседы.","Есть ли возрастные ограничения?","Сервис предназначен только для совершеннолетних пользователей (18+).","/chat/chto-napisat-devushke-idei/|/chat/znakomstvo-bez-nelovkikh-pauz/|/chat/legkii-romanticheskii-chat/"
"/chat/anonimnyi-chat-s-devushkoi/","Анонимный чат с девушкой","анонимный чат с девушкой","anonimnyi-chat-s-devushkoi","Без неловкости и формальностей: аккуратная переписка без раскрытия лишних данных.","Ищете анонимный чат с девушкой? Начните диалог мягко и комфортно — без регистрации и без фамилий.","Начать анонимно","Без логинов и анкет|Уютная атмосфера|Можно в любой момент сменить тему","","Можно без представлений, просто поговорим?|Давай начнём с лёгкого приветствия?|Мне комфортнее без лишних деталей, ок?","Поддерживать мягкий тон|Добавлять короткий вопрос|Соблюдать границы","Без грубости|Без давления|Не делиться личными данными","Как начать","Напишите приветствие и задайте простой вопрос о настроении.","Что писать дальше","Поддерживайте диалог короткими репликами в удобном темпе.","Чего избегать","Не раскрывайте личные данные и избегайте резкости.","Анонимный чат с девушкой действительно без регистрации?","Да, вход в переписку осуществляется сразу, без форм.","Как соблюдается конфиденциальность?","Мы не спрашиваем лишнего; избегайте передачи личных данных.","Подходит ли для коротких сообщений?","Да, можно писать коротко и по делу — в удобном темпе.","/chat/chat-bez-telefona/|/chat/chat-bez-nomera/|/chat/znakomstvo-bez-nelovkikh-pauz/"
"/chat/chat-bez-registracii/","Чат с девушкой без регистрации","чат с девушкой без регистрации","chat-bez-registracii","Один клик — и вы уже общаетесь: никакой сложной анкеты, только диалог.","Нужен чат с девушкой без регистрации? Просто нажмите и начните переписку прямо сейчас.","Открыть без регистрации","Никаких длинных форм|Сразу в Telegram|Деликатный флирт без грубости","","Привет! Хочу начать без анкет — это ок?|Можно сразу переписываться без формы?|Давай просто начнём разговор, как удобно.","Поддерживать мягкий тон|Добавлять короткий вопрос|Соблюдать границы","Без грубости|Без давления|Не делиться личными данными","Как начать","Нажмите кнопку и напишите пару приветственных слов.","Что писать дальше","Выберите удобное настроение и задайте тему.","Чего избегать","Длинных формальностей и резких формулировок.","Почему чат с девушкой без регистрации удобен?","Не нужно тратить время на анкеты — вы сразу в разговоре.","Можно ли сменить собеседницу?","Да, доступен выбор образов и настроения.","Доступен ли сервис ночью?","Да, переписка открыта 24/7.","/chat/chat-bez-telefona/|/chat/chat-bez-nomera/|/chat/onlain-znakomstvo-s-devushkoi/"
"/chat/telegram-bot-devushka/","Telegram-бот девушка","telegram бот девушка","telegram-bot-devushka","Запустите бота, выберите образ и начните дружеский диалог за минуту.","Ищете telegram бот девушка? У нас это просто: один клик — и вы в переписке с выбранным образом.","Запустить бота","Выбор характера собеседницы|Быстрый старт за минуту|Уважительная модерация","","Привет! Хочу попробовать образ — с чего начнём?|Давай выберем стиль общения?|Можно спокойный тон для начала?","Поддерживать мягкий тон|Добавлять короткий вопрос|Соблюдать границы","Без грубости|Без давления|Не делиться личными данными","Как начать","Нажмите «Запустить бота» и выберите желаемый образ.","Что писать дальше","Отталкивайтесь от выбранного характера, держите добрый ритм.","Чего избегать","Слишком резких или откровенных описаний.","Как работает telegram бот девушка?","Вы нажимаете кнопку — открывается переписка в Telegram.","Есть ли платёжные данные?","Нет, мы не просим финансовых сведений в чате.","Можно ли общаться в своём темпе?","Да, отвечайте тогда, когда удобно именно вам.","/chat/igrevaya-devushka-bot/|/chat/anime-devushka-bot/|/chat/tsundere-bot-perepiska/"
"/chat/flirt-v-chate-myagko/","Флирт в чате — мягко","флирт в чате мягко","flirt-v-chate-myagko","Деликатные намёки и игра слов без пошлости и давления.","Хотите флирт в чате мягко? Пишите легко и уважительно, поддерживая приятный ритм.","Попробовать сейчас","Ненавязчивые формулировки|Поддержка границ|Доброжелательный тон","","Можно начнём с лёгкого комплимента?|Давай без спешки, мягко?|Пара намёков без прямоты ок?","Поддерживать мягкий тон|Добавлять короткий вопрос|Соблюдать границы","Без грубости|Без давления|Не делиться личными данными","Как начать","Скажите «привет» и добавьте ненавязчивый комплимент.","Что писать дальше","Используйте игру слов и задавайте вопросы для продолжения.","Чего избегать","Пошлости и резких переходов.","Что значит «флирт в чате мягко»?","Это лёгкие комплименты и игра слов без откровенных описаний.","Подходит ли для первого сообщения?","Да, это хороший способ начать беседу без неловкости.","Можно ли уйти в спокойный диалог?","Конечно, вы сами выбираете интенсивность общения.","/chat/onlain-flirt-bez-poshlosti/|/chat/klassicheskii-flirt-v-soobshcheniyakh/|/chat/nezhnyi-flirt-v-chate/"
"/chat/romantichnaya-beseda-online/","Романтичная беседа онлайн","романтичная беседа онлайн","romantichnaya-beseda-online","Создайте атмосферу нежности и внимания: тёплые слова, мягкий ритм, комфортный диалог.","Нужна романтичная беседа онлайн? Начните с приветствия и пары нежных фраз — атмосфера сложится сама.","Начать романтику","Нежные комплименты|Спокойный темп|Выбор образа под настроение","","Хочу пару нежных фраз для старта?|Давай в мягком тоне без спешки?|Можно немного романтики?","Поддерживать мягкий тон|Добавлять короткий вопрос|Соблюдать границы","Без грубости|Без давления|Не делиться личными данными","Как начать","Напишите приветствие и деликатный комплимент.","Что писать дальше","Развивайте тему уютных воспоминаний и настроений.","Чего избегать","Излишней прямоты и резкости.","Как начать романтичную беседу онлайн?","Попробуйте короткое приветствие и мягкий комплимент.","Это не выглядит навязчиво?","Нет, вы общаетесь деликатно и уважительно.","Можно ли сменить стиль общения?","Да, в любой момент смените образ и тон.","/chat/legkii-romanticheskii-chat/|/chat/legkaya-romantika-kazhdyi-den/|/chat/nezhnyi-flirt-v-chate/"
"/chat/igrevaya-devushka-bot/","Игривая девушка бот","игривая девушка бот","igrevaya-devushka-bot","Чуть больше искры и шуток: лёгкий флирт с оттенком озорства и улыбок.","Ищете игривую девушку бот? Запускайте переписку и ловите лёгкие шутки без грубости.","Открыть игривый чат","Остроумные реплики|Игра слов|Лёгкий, позитивный тон","","Давай с лёгкой шутки начнём?|Немного игры слов без грубости?|Пару озорных реплик ок?","Поддерживать мягкий тон|Добавлять короткий вопрос|Соблюдать границы","Без грубости|Без давления|Не делиться личными данными","Как начать","Напишите приветствие и добавьте шутливый поворот.","Что писать дальше","Поддерживайте игру слов и следите за границами.","Чего избегать","Грубости и резких тем.","Что такое игривая девушка бот?","Это образ с непринуждённым, весёлым настроением.","Можно ли снизить градус флирта?","Да, задайте спокойный темп, если хотите.","Есть ли ограничения по теме?","Да, избегаем грубостей и откровенных описаний.","/chat/igryvyi-ton-bez-riskov/|/chat/klassicheskii-flirt-v-soobshcheniyakh/|/chat/onlain-flirt-bez-poshlosti/"
"/chat/spokoinaya-perepiska-s-devushkoi/","Спокойная переписка с девушкой","спокойная переписка с девушкой","spokoinaya-perepiska-s-devushkoi","Ровный диалог без спешки и давления: комфортно для интровертов и занятых.","Нужна спокойная переписка с девушкой? Пишите в своём темпе и без обязательств.","Начать спокойно","Без навязывания|Уютные темы|Поддерживающий тон","","Можно держать медленный темп?|Давай писать коротко и спокойно?|Без обязательств — ок?","Поддерживать мягкий тон|Добавлять короткий вопрос|Соблюдать границы","Без грубости|Без давления|Не делиться личными данными","Как начать","Поздоровайтесь и обозначьте комфортный ритм общения.","Что писать дальше","Поддерживайте простые темы и короткие ответы.","Чего избегать","Навязчивости и спешки.","Подходит ли спокойная переписка для вечерних диалогов?","Да, темп задаёте вы, можно отвечать с паузами.","Нужно ли заранее выбирать тему?","Нет, можно начать с простого приветствия.","Можно ли перейти к более живому флирту?","Да, при желании повышайте динамику постепенно.","/chat/korotkie-soobshcheniya-s-devushkoi/|/chat/perepiska-dlya-introvertov/|/chat/vechernie-besedy-s-devushkoi/"
"/chat/podderzhka-i-obshchenie/","Поддержка и общение с девушкой","поддержка и общение с девушкой","podderzhka-i-obshchenie","Получите тёплые слова и участие: деликатная поддержка без оценок.","Ищете поддержку и общение с девушкой? Отправьте первое сообщение — вас услышат и поддержат.","Получить поддержку","Внимательное отношение|Уважение к границам|Комфортные темы","","Можно просто выговориться немного?|Нужны пару тёплых слов — это ок?|Обсудим без оценок?","Поддерживать мягкий тон|Добавлять короткий вопрос|Соблюдать границы","Без грубости|Без давления|Не делиться личными данными","Как начать","Опишите ситуацию в двух-трёх фразах.","Что писать дальше","Задавайте уточняющие вопросы, если хочется.","Чего избегать","Оценочных суждений и личных данных.","Можно ли просто выговориться?","Да, здесь можно поделиться мыслями и эмоциями.","Нужна ли регистрация?","Нет, диалог открывается по кнопке.","Пойдёт ли формат для коротких сообщений?","Конечно, можно писать кратко и по делу.","/chat/doveritelnyi-razgovor-s-devushkoi/|/chat/chat-podderzhki-dlya-muzhchin/|/chat/snyatie-stressa-perepiskoi/"
"/chat/chto-napisat-devushke-idei/","Что написать девушке — идеи","что написать девушке идеи","chto-napisat-devushke-idei","Готовые подсказки для первого сообщения и продолжения диалога.","Нужны идеи что написать девушке? Возьмите один из мягких icebreakers и начните переписку.","Начать с подсказки","Лёгкие фразы для старта|Ненавязчивые комплименты|Подстройка под настроение","","Привет! Можно начать с короткой идеи?|Хочется мягкий первый шаг — подскажешь?|Дай вариант без неловкости?","Поддерживать мягкий тон|Добавлять короткий вопрос|Соблюдать границы","Без грубости|Без давления|Не делиться личными данными","Как начать","Выберите подсказку и адаптируйте под контекст.","Что писать дальше","Сформулируйте вопрос, который поддержит тему.","Чего избегать","Шаблонности без адаптации и резких формулировок.","Подойдут ли идеи для первого сообщения?","Да, подсказки созданы для мягкого начала.","Что если собеседница не ответит сразу?","Сделайте паузу — всё в комфортном темпе.","Можно ли попросить ещё примеры?","Конечно, продолжим в чате.","/chat/klassicheskii-flirt-v-soobshcheniyakh/|/chat/znakomstvo-bez-nelovkikh-pauz/|/chat/flirt-s-namyokami/"
"/chat/perepiska-dlya-introvertov/","Переписка с девушкой для интровертов","переписка с девушкой для интровертов","perepiska-dlya-introvertov","Аккуратные формулировки без давления — общайтесь комфортно и в своём ритме.","Ищете переписку с девушкой для интровертов? У нас спокойно, понятно и без навязчивости.","Открыть мягкий диалог","Без лишних вопросов|Паузы не страшны|Мягкий тон разговора","","Можно отвечать редко и коротко?|Давай без лишних формальностей?|Подойдёт спокойный темп?","Поддерживать мягкий тон|Добавлять короткий вопрос|Соблюдать границы","Без грубости|Без давления|Не делиться личными данными","Как начать","Опишите, какой ритм удобен именно вам.","Что писать дальше","Держите понятные, короткие реплики.","Чего избегать","Самокритики и завышенных ожиданий.","Интроверту будет комфортно?","Да, можно отвечать тогда, когда удобно, без спешки.","Сложно ли начать?","Нет, мы подскажем, с чего начать мягко.","Можно ли сменить тему?","Да, выберите другое настроение в любой момент.","/chat/spokoinaya-perepiska-s-devushkoi/|/chat/korotkie-soobshcheniya-s-devushkoi/|/chat/dialog-bez-obyazatelstv/"
"/chat/nochnye-razgovory-s-devushkoi/","Ночные разговоры с девушкой","ночные разговоры с девушкой","nochnye-razgovory-s-devushkoi","Тёплая переписка поздним вечером: медленный ритм, уют и намёки.","Интересны ночные разговоры с девушкой? Начните диалог и наслаждайтесь спокойной атмосферой.","Открыть ночной чат","Slow burn без спешки|Тихие темы|Лёгкие намёки","","Можно поговорить поздно вечером?|Давай держать тихий, медленный темп?|Пара мягких фраз на ночь?","Поддерживать мягкий тон|Добавлять короткий вопрос|Соблюдать границы","Без грубости|Без давления|Не делиться личными данными","Как начать","Поздоровайтесь и обозначьте, что хочется тихого вечернего диалога.","Что писать дальше","Используйте спокойные темы и намёки.","Чего избегать","Спешки и резких переходов.","Можно ли общаться после полуночи?","Да, чат доступен 24/7.","Подходит ли для длинных сообщений?","Конечно, формат поддерживает размеренный обмен.","Нужна ли регистрация ночью?","Нет, вход мгновенный в любое время.","/chat/vechernie-besedy-s-devushkoi/|/chat/romantika-v-chate/|/chat/onlain-znakomstvo-s-devushkoi/"
"/chat/anime-devushka-bot/","Аниме девушка бот","аниме девушка бот","anime-devushka-bot","Чуть фантазии и романтики: образ с лёгкими отсылками к аниме.","Нужен аниме девушка бот? Выбирайте настроение и начните переписку в пару кликов.","Перейти к образу","Образ с теплом и игрой|Мягкая стилизация|Без грубости","","Давай с лёгкой отсылки начнём?|Без сленга, но с атмосферой — ок?|Чуть романтики в стиле аниме?","Поддерживать мягкий тон|Добавлять короткий вопрос|Соблюдать границы","Без грубости|Без давления|Не делиться личными данными","Как начать","Поздоровайтесь и предложите тему в стиле любимых аниме-настроений.","Что писать дальше","Добавляйте лёгкие отсылки и тёплые реплики.","Чего избегать","Пошлости и резкости.","Что включает аниме девушка бот?","Ненавязчивые отсылки и дружелюбный характер.","Можно ли без сленга?","Да, вы задаёте стиль переписки.","Подходит ли для романтики?","Да, лёгкая романтика поддерживается.","/chat/igrevaya-devushka-bot/|/chat/tsundere-bot-perepiska/|/chat/legkii-romanticheskii-chat/"
"/chat/tsundere-bot-perepiska/","Tsundere бот — переписка","tsundere бот","tsundere-bot-perepiska","Немного дерзости без хамства: игривые ответы и тёплое ядро.","Ищете tsundere бот? Попробуйте диалог с лёгкой искрой и безопасными границами.","Попробовать tsundere","Ироничные реплики|Искра без грубости|Контролируемый тон","","Давай чуть дерзко, но уважительно?|Можно смягчить, если перебор?|Ирония ок?","Поддерживать мягкий тон|Добавлять короткий вопрос|Соблюдать границы","Без грубости|Без давления|Не делиться личными данными","Как начать","Дайте понять, что хотите лёгкую ироничную подачу.","Что писать дальше","Поддерживайте искру, следите за границами.","Чего избегать","Грубости и унижений.","Tsundere бот не будет грубить?","Нет, стиль дерзковатый, но уважительный.","Можно ли смягчить ответы?","Да, переключите образ на более спокойный.","Подходит ли для шуток?","Конечно, лёгкий юмор приветствуется.","/chat/igryvyi-ton-bez-riskov/|/chat/igrevaya-devushka-bot/|/chat/onlain-flirt-bez-poshlosti/"
"/chat/devushka-muza-v-chate/","Девушка-муза в чате","девушка муза в чате","devushka-muza-v-chate","Вдохновение и поддержка идей: диалог, который помогает настроиться на волну.","Нужна девушка-муза в чате? Делитесь планами, а взамен получайте тёплые отклики и намёки.","Открыть вдохновение","Поддержка креативности|Нежные мотивации|Ровный ритм","","Можно пару тёплых слов для вдохновения?|Поможешь настроиться на задачу?|Давай мягко распланируем шаги?","Поддерживать мягкий тон|Добавлять короткий вопрос|Соблюдать границы","Без грубости|Без давления|Не делиться личными данными","Как начать","Опишите цель в одном-двух предложениях.","Что писать дальше","Разбейте задачу на маленькие шаги с тёплой поддержкой.","Чего избегать","Давления и жёстких оценок.","Чем полезна девушка-муза в чате?","Помогает настроиться и держать фокус на приятном.","Можно попросить идеи?","Да, обсудим и подбросим варианты.","Есть ли границы тем?","Избегаем грубостей и личных данных.","/chat/devushka-dlya-motivacii/|/chat/sovmestnye-plany-v-chate/|/chat/podderzhka-nastroeniya-v-chate/"
"/chat/uverennaia-sobesednica-online/","Уверенная собеседница онлайн","уверенная собеседница онлайн","uverennaia-sobesednica-online","Сильный, но уважительный характер: уверенные реплики без давления.","Хотите уверенную собеседницу онлайн? Начните переписку и задайте корректные границы.","Начать уверенно","Уверенный тон без резкости|Поддержка диалога|Чёткие формулировки","","Предпочту ровный, уверенный тон — ок?|Давай по делу и уважительно?|Можно без лишних эмоций?","Поддерживать мягкий тон|Добавлять короткий вопрос|Соблюдать границы","Без грубости|Без давления|Не делиться личными данными","Как начать","Сразу обозначьте желаемый стиль общения.","Что писать дальше","Держите структуру, задавайте ясные вопросы.","Чего избегать","Резкости и эмоционального давления.","Не будет ли давление?","Нет, уверенность без навязчивости и оценок.","Подходит ли деловой манере?","Да, можно общаться ровно и по делу.","Можно ли переключиться на мягкий стиль?","В любой момент выберите другой образ.","/chat/dialog-bez-obyazatelstv/|/chat/vopros-otvet-s-devushkoi/|/chat/spokoinaya-perepiska-s-devushkoi/"
"/chat/zabotlivaya-virtualnaya-devushka/","Заботливая виртуальная девушка","заботливая виртуальная девушка","zabotlivaya-virtualnaya-devushka","Внимание к деталям и тёплые слова: мягкая поддержка в переписке.","Нужна заботливая виртуальная девушка? Откройте чат и ощутите участие и тепло.","Получить заботу","Аккуратные вопросы|Деликатные ответы|Комфортная атмосфера","","Можно немного заботы — тяжёлый день?|Пара тёплых слов поддержит?|Давай в очень мягком стиле?","Поддерживать мягкий тон|Добавлять короткий вопрос|Соблюдать границы","Без грубости|Без давления|Не делиться личными данными","Как начать","Опишите самочувствие в двух-трёх фразах.","Что писать дальше","Переходите к небольшим темам и обратной связи.","Чего избегать","Навязчивых советов и оценок.","Чем отличается заботливая виртуальная девушка?","Она внимательна к вашим словам и настроению.","Можно говорить о повседневном?","Да, подходит для обычных тем и лёгкого флирта.","Как быстро начать?","Одно нажатие — и чат открыт.","/chat/podderzhka-i-obshchenie/|/chat/doveritelnyi-razgovor-s-devushkoi/|/chat/podderzhka-nastroeniya-v-chate/"
"/chat/zagadocnaya-perepiska/","Загадочная переписка","загадочная переписка","zagadocnaya-perepiska","Немного интриги и намёков: удерживайте интерес без лишней откровенности.","Хотите загадочную переписку? Начните диалог и плавно раскрывайте детали.","Открыть интригу","Лёгкая интрига|Без спойлеров|Нежные намёки","","Начнём с намёка, без прямоты?|Держим немного тайны в переписке?|Чуть загадки — ок?","Поддерживать мягкий тон|Добавлять короткий вопрос|Соблюдать границы","Без грубости|Без давления|Не делиться личными данными","Как начать","Напишите привет и задайте вопрос с интригой.","Что писать дальше","Раскрывайте детали постепенно, реагируя на ответы.","Чего избегать","Излишней прямоты и спойлеров.","Как поддерживать загадочную переписку?","Используйте намёки и вопросы вместо прямых заявлений.","Подойдёт ли для первого контакта?","Да, интрига даёт пространство для общения.","Можно ли сделать тон более прямым?","Да, поменяйте образ и стиль.","/chat/intriguyushchii-dialog/|/chat/flirt-s-namyokami/|/chat/legkii-romanticheskii-chat/"
"/chat/nezhnyi-flirt-v-chate/","Нежный флирт в чате","нежный флирт в чате","nezhnyi-flirt-v-chate","Деликатные комплименты и мягкие фразы — романтика без давления.","Ищете нежный флирт в чате? Попробуйте пару тёплых слов и почувствуйте атмосферу.","Начать нежно","Комплименты без навязчивости|Медленный ритм|Тёплая подача","","Можно очень мягкий комплимент для старта?|Без спешки и прямоты — ок?|Плавно добавим романтики?","Поддерживать мягкий тон|Добавлять короткий вопрос|Соблюдать границы","Без грубости|Без давления|Не делиться личными данными","Как начать","Сформулируйте один тёплый комплимент и вопрос.","Что писать дальше","Добавляйте лёгкие эмоции, поддерживайте ритм.","Чего избегать","Давления и откровенных деталей.","Нежный флирт — это не пошло?","Нет, акцент на уважение и деликатность.","Подойдёт ли для утренней переписки?","Да, мягкий тон хорошо начинает день.","Можно ли усилить игривость?","Да, выберите соответствующий образ.","/chat/legkii-romanticheskii-chat/|/chat/romantika-v-chate/|/chat/onlain-flirt-bez-poshlosti/"
"/chat/bystryi-start-obscheniya/","Быстрый старт общения с девушкой","быстрый старт общения с девушкой","bystryi-start-obscheniya","Один клик — и первые сообщения уже в чате: просто и удобно.","Нужен быстрый старт общения с девушкой? Откройте переписку и задайте тему в одно касание.","Стартовать сейчас","Без анкет|Сразу в Telegram|Видимый прогресс за минуту","","Можно начать с короткой фразы прямо сейчас?|Давай выберем тему в одно касание?|Пара быстрых сообщений ок?","Поддерживать мягкий тон|Добавлять короткий вопрос|Соблюдать границы","Без грубости|Без давления|Не делиться личными данными","Как начать","Нажмите кнопку и напишите первое короткое сообщение.","Что писать дальше","Определите тему и поддерживайте её вопросами.","Чего избегать","Сложных формальностей и длинных анкет.","Как быстро начинается переписка?","Фактически мгновенно — по кнопке.","Можно ли выбрать ролевой образ?","Да, доступны разные настроения.","Что если хочу паузы?","Вы отвечаете в своём ритме — без давления.","/chat/znakomstvo-v-telegram-s-devushkoi/|/chat/onlain-znakomstvo-s-devushkoi/|/chat/korotkie-soobshcheniya-s-devushkoi/"
"/chat/znakomstvo-v-telegram-s-devushkoi/","Знакомство в Telegram с девушкой","знакомство в telegram с девушкой","znakomstvo-v-telegram-s-devushkoi","Начните знакомство деликатно: одно приветствие — и диалог пошёл.","Ищете знакомство в Telegram с девушкой? Пишите коротко и дружелюбно — атмосфера поддержит.","Начать знакомство","Простое приветствие|Доброжелательный приём|Без лишних требований","","Привет! Можно познакомиться здесь?|Давай коротко, без формальностей?|Немного дружелюбия для старта ок?","Поддерживать мягкий тон|Добавлять короткий вопрос|Соблюдать границы","Без грубости|Без давления|Не делиться личными данными","Как начать","Поприветствуйте и обозначьте настроение диалога.","Что писать дальше","Задайте ненавязчивый вопрос для продолжения.","Чего избегать","Сложных тем и резких формулировок в начале.","Как начать знакомство в Telegram с девушкой?","Отправьте привет и пару мягких слов о настроении.","Нужно ли делиться личными данными?","Нет, сохраняйте приватность.","Подойдёт ли для выходных?","Да, в любой день и время.","/chat/flirt-v-telegram/|/chat/onlain-znakomstvo-s-devushkoi/|/chat/znakomstvo-bez-nelovkikh-pauz/"
"/chat/igra-slov-flirt-bez-poshlosti/","Игра слов: флирт без пошлости","игра слов флирт без пошлости","igra-slov-flirt-bez-poshlosti","Подчёркнутая деликатность и остроумные реплики без грубости и резкости.","Нужна игра слов и флирт без пошлости? Запускайте диалог и держите приятный тон.","Открыть игру слов","Остроумные формулировки|Деликатные намёки|Уважение к границам","","Можно лёгкую игру слов без прямоты?|Пара остроумных реплик — ок?|Держим хороший тон?","Поддерживать мягкий тон|Добавлять короткий вопрос|Соблюдать границы","Без грубости|Без давления|Не делиться личными данными","Как начать","Скажите привет и добавьте мягкую шутку.","Что писать дальше","Поддерживайте игру слов вопросами и намёками.","Чего избегать","Пошлости и грубости.","Как удержать баланс в игре слов?","Опирайтесь на лёгкие комплименты и вопросы.","Подходит ли для длительной переписки?","Да, темп можно поддерживать сколько угодно.","Есть ли темы-табу?","Избегаем грубостей и откровенных деталей.","/chat/klassicheskii-flirt-v-soobshcheniyakh/|/chat/flirt-s-namyokami/|/chat/onlain-flirt-bez-poshlosti/"
"/chat/chat-s-devushkoi-na-russkom/","Чат с девушкой на русском","чат с девушкой на русском","chat-s-devushkoi-na-russkom","Комфортные формулировки и понятные нюансы языка — говорите, как привыкли.","Нужен чат с девушкой на русском? Ведите диалог так, как удобно именно вам.","Открыть русскоязычный чат","Естественные фразы|Понимание контекста|Мягкие ответы","","Можно говорить простыми словами без сленга?|Если будут огрехи — это ок?|Давай на русском и спокойно?","Поддерживать мягкий тон|Добавлять короткий вопрос|Соблюдать границы","Без грубости|Без давления|Не делиться личными данными","Как начать","Напишите приветствие и пару простых фраз.","Что писать дальше","Держите понятный, дружелюбный тон.","Чего избегать","Сложных оборотов и резкости.","Есть ли поддержка на русском полностью?","Да, переписка идёт целиком на русском языке.","Можно ли использовать сленг?","При желании — но лучше деликатно.","Что с ошибками?","Мелкие огрехи не мешают тёплому диалогу.","/chat/znakomstvo-v-telegram-s-devushkoi/|/chat/korotkie-soobshcheniya-s-devushkoi/|/chat/spokoinaya-perepiska-s-devushkoi/"
"/chat/razgovor-po-dusham-s-devushkoi/","Разговор по душам с девушкой","разговор по душам с девушкой","razgovor-po-dusham-s-devushkoi","Тёплая, доверительная атмосфера: делитесь мыслями и получайте участие.","Ищете разговор по душам с девушкой? Начните мягко и без спешки — вас услышат.","Открыть доверительный диалог","Аккуратные вопросы|Спокойный темп|Отсутствие оценок","","Можно просто выговориться без советов?|Нужен спокойный диалог без оценок?|Давай без споров и давления?","Поддерживать мягкий тон|Добавлять короткий вопрос|Соблюдать границы","Без грубости|Без давления|Не делиться личными данными","Как начать","Опишите, что чувствуете, в двух-трёх фразах.","Что писать дальше","Переходите к важным для вас мыслям и вопросам.","Чего избегать","Категоричных оценок и личных данных.","Можно просто выговориться?","Да, формат подходит для доверительных разговоров.","Есть ли советы по теме?","По запросу делимся идеями и фразами.","Нужно ли заранее готовиться?","Нет, начните с простого приветствия.","/chat/doveritelnyi-razgovor-s-devushkoi/|/chat/podderzhka-i-obshchenie/|/chat/chat-podderzhki-dlya-muzhchin/"
"/chat/legkii-flirt-posle-raboty/","Лёгкий флирт после работы","лёгкий флирт после работы","legkii-flirt-posle-raboty","Снимайте напряжение парой тёплых фраз и улыбок — мягко и без спешки.","Ищете лёгкий флирт после работы? Нажмите кнопку и расслабьтесь в деликатной беседе.","Начать расслабляться","Снятие напряжения|Никакой спешки|Позитивные темы","","Можно пару тёплых фраз после дня?|Давай без спешки и серьёзностей?|Немного флирта, чтобы выдохнуть?","Поддерживать мягкий тон|Добавлять короткий вопрос|Соблюдать границы","Без грубости|Без давления|Не делиться личными данными","Как начать","Поздоровайтесь и скажите, что хотите лёгкого диалога.","Что писать дальше","Держите тему отдыха и маленьких радостей.","Чего избегать","Негатива и резких формулировок.","Не будет ли навязчивости?","Нет, вы контролируете темп и стиль.","Подойдёт ли для коротких сообщений?","Да, можно переписываться небольшими репликами.","Можно ли обсудить планы на вечер?","Конечно, в мягкой форме.","/chat/romantika-v-chate/|/chat/vechernie-besedy-s-devushkoi/|/chat/priyatnyi-flirt-dlya-dushi/"
"/chat/perepiska-bez-nelovkosti/","Переписка без неловкости","переписка без неловкости","perepiska-bez-nelovkosti","Деликатные подсказки и аккуратные формулировки, чтобы старт прошёл легко.","Нужна переписка без неловкости? Мы подскажем мягкие фразы для уверенного начала.","Начать без неловкости","Готовые icebreakers|Простые темы|Доброжелательный тон","","Привет! Без лишних формальностей — поехали?|Можно я начну с короткой фразы?|Давай держать спокойный темп.","Поддерживать мягкий тон|Добавлять короткий вопрос|Соблюдать границы","Без грубости|Без давления|Не делиться личными данными","Как начать","Скопируйте короткую фразу из подсказок и добавьте вопрос про настроение.","Что писать дальше","Отмечайте совпадения в интересах, держите добрый тон.","Чего избегать","Без самообвинений и чрезмерной серьёзности — пусть будет легко.","Как убрать неловкость в начале?","Используйте короткое приветствие и лёгкий комплимент.","Если молчу — это нормально?","Да, паузы допустимы и уважаются.","Можно ли сменить образ?","Да, в пару кликов.","/chat/chto-napisat-devushke-idei/|/chat/klassicheskii-flirt-v-soobshcheniyakh/|/chat/znakomstvo-bez-nelovkikh-pauz/"
"/chat/devushka-dlya-motivacii/","Девушка для мотивации","девушка для мотивации","devushka-dlya-motivacii","Лёгкие поддерживающие реплики и позитивный настрой для малого шага вперёд.","Нужна девушка для мотивации? Напишите цель, и мы поддержим мягкими фразами.","Получить мотивацию","Фокус на хорошем|Короткие подбадривания|Спокойный ритм","","Можно небольшой пинок добра — без давления?|Давай наметим маленький шаг?|Пара тёплых слов для фокуса?","Поддерживать мягкий тон|Добавлять короткий вопрос|Соблюдать границы","Без грубости|Без давления|Не делиться личными данными","Как начать","Опишите цель и желаемый темп.","Что писать дальше","Разбейте задачу на мини-шаги с поддержкой.","Чего избегать","Самокритики и завышенных ожиданий.","Не будет ли давления на результат?","Нет, главное — ваше самочувствие и комфорт.","Можно ли вернуться позже?","Конечно, диалог открыт в любое время.","Подойдут ли мини-задачи?","Да, по желанию наметим маленькие шаги.","/chat/devushka-muza-v-chate/|/chat/sovmestnye-plany-v-chate/|/chat/podderzhka-nastroeniya-v-chate/"
"/chat/utrennie-dialogi-s-devushkoi/","Утренние диалоги с девушкой","утренние диалоги с девушкой","utrennie-dialogi-s-devushkoi","Начните день с тёплого сообщения и дружественного тона.","Хотите утренние диалоги с девушкой? Пара фраз — и день становится теплее.","Открыть утренний чат","Мягкий старт дня|Лёгкие темы|Поддержка настроения","","Доброе утро! Немного тепла?|Пара лёгких фраз на старт дня?|Поддержим настроение без спешки?","Поддерживать мягкий тон|Добавлять короткий вопрос|Соблюдать границы","Без грубости|Без давления|Не делиться личными данными","Как начать","Поздоровайтесь и обозначьте утренний настрой.","Что писать дальше","Поддерживайте лёгкие, приятные темы.","Чего избегать","Резких обсуждений и поспешных выводов.","Можно писать по пути на работу?","Да, короткие фразы подойдут идеально.","Что если ответ придёт позже?","Это нормально — темп свободный.","А если хочется флирта утром?","Лёгкий флирт тоже уместен.","/chat/legkaya-romantika-kazhdyi-den/|/chat/romantika-v-chate/|/chat/korotkie-soobshcheniya-s-devushkoi/"
"/chat/vechernie-besedy-s-devushkoi/","Вечерние беседы с девушкой","вечерние беседы с девушкой","vechernie-besedy-s-devushkoi","Спокойная переписка для расслабления и уютной атмосферы вечером.","Нужны вечерние беседы с девушкой? Начните разговор и сбавьте темп после дня.","Открыть вечерний чат","Тихие темы|Плавный ритм|Ненавязчивые намёки","","Добрый вечер! Поговорим тихо и спокойно?|Без спешки — немного о настроении?|Пара мягких фраз для расслабления?","Поддерживать мягкий тон|Добавлять короткий вопрос|Соблюдать границы","Без грубости|Без давления|Не делиться личными данными","Как начать","Поздоровайтесь и задайте спокойную тему.","Что писать дальше","Держите ритм медленным, с тёплыми репликами.","Чего избегать","Напряжённых тем и резкости.","Подходит ли формат после 22:00?","Да, чат открыт 24/7.","Можно ли говорить о планах на завтра?","Конечно, обсудим легко и ненавязчиво.","Что с приватностью вечером?","Такая же, как всегда — мы не просим лишних данных.","/chat/nochnye-razgovory-s-devushkoi/|/chat/romantika-v-chate/|/chat/priyatnyi-flirt-dlya-dushi/"
"/chat/dlitelnye-razgovory-s-devushkoi/","Длительные разговоры с девушкой","длительные разговоры с девушкой","dlitelnye-razgovory-s-devushkoi","Для тех, кто любит основательные переписки: много текста и спокойный темп.","Ищете длительные разговоры с девушкой? Набирайте сообщения так, как нравится вам.","Начать долгий диалог","Поддержка длинных реплик|Терпеливый тон|Темы по интересу","","Можно писать длинно и не спеша?|Давай подробно и размеренно?|Паузы между ответами ок?","Поддерживать мягкий тон|Добавлять короткий вопрос|Соблюдать границы","Без грубости|Без давления|Не делиться личными данными","Как начать","Обозначьте, что вам комфортен подробный формат.","Что писать дальше","Развивайте интересные вам темы, не торопясь.","Чего избегать","Ожидания мгновенных ответов и давления.","Не устанет ли собеседница?","Темп и объём — на ваше усмотрение.","Можно ли делать паузы?","Да, отвечайте когда удобно.","Есть ли лимиты по объёму?","Пишите свободно, без спешки.","/chat/korotkie-soobshcheniya-s-devushkoi/|/chat/spokoinaya-perepiska-s-devushkoi/|/chat/dialog-bez-obyazatelstv/"
"/chat/korotkie-soobshcheniya-s-devushkoi/","Короткие сообщения с девушкой","короткие сообщения с девушкой","korotkie-soobshcheniya-s-devushkoi","Формат для лаконичных переписок: по делу, но с теплом.","Нужны короткие сообщения с девушкой? Пара реплик — и контакт установлен.","Написать коротко","Мини-сообщения|Лёгкий флирт|Простые темы","","Можно очень коротко, по делу?|Давай без лишних слов?|Короткие ответы ок?","Поддерживать мягкий тон|Добавлять короткий вопрос|Соблюдать границы","Без грубости|Без давления|Не делиться личными данными","Как начать","Напишите привет и одну короткую фразу о теме.","Что писать дальше","Поддерживайте диалог одно-двухстрочными репликами.","Чего избегать","Сухости — добавляйте немного тепла.","Подойдёт ли для занятых?","Да, формат идеально экономит время.","Не будет ли сухо?","Нет, сохраняем тёплый тон.","Можно ли расширить диалог позже?","Конечно, при желании развиваем тему.","/chat/spokoinaya-perepiska-s-devushkoi/|/chat/bystryi-start-obscheniya/|/chat/utrennie-dialogi-s-devushkoi/"
"/chat/vopros-otvet-s-devushkoi/","Вопрос–ответ с девушкой","вопрос ответ с девушкой","vopros-otvet-s-devushkoi","Структурированный диалог: задавайте вопросы и получайте аккуратные ответы.","Хотите формат вопрос–ответ с девушкой? Сформулируйте запрос — начнём.","Открыть формат Q&A","Чёткая структура|Понятные ответы|Уважительный стиль","","Можно в формате Q&A — по пунктам?|Задам пару вопросов — ок?|Коротко и по делу подойдёт?","Поддерживать мягкий тон|Добавлять короткий вопрос|Соблюдать границы","Без грубости|Без давления|Не делиться личными данными","Как начать","Напишите первый вопрос одним предложением.","Что писать дальше","Сохраняйте структуру и уточняйте по мере ответа.","Чего избегать","Перегрузки темы и давления.","Чем удобен формат вопрос–ответ с девушкой?","Можно быстро прояснить тему без лишних отступлений.","Можно ли добавить флирта?","Да, по желанию используем мягкие формулировки.","Подходит ли новичкам?","Отлично подходит для первых шагов.","/chat/uverennaia-sobesednica-online/|/chat/dialog-bez-obyazatelstv/|/chat/znakomstvo-v-telegram-s-devushkoi/"
"/chat/komplimenty-ot-virtualnoi-devushki/","Комплименты от виртуальной девушки","комплименты от виртуальной девушки","komplimenty-ot-virtualnoi-devushki","Деликатные похвалы без пафоса: почувствуйте внимание и поддержку.","Нужны комплименты от виртуальной девушки? Получайте аккуратные фразы без пафоса.","Получить комплимент","Ненавязчивые похвалы|Хороший тон|Поддержка настроения","","Можно добрый комплимент без пафоса?|Хочу пару тёплых фраз — это ок?|Поддержим настроение аккуратно?","Поддерживать мягкий тон|Добавлять короткий вопрос|Соблюдать границы","Без грубости|Без давления|Не делиться личными данными","Как начать","Попросите комплимент и обозначьте контекст.","Что писать дальше","Ответьте, какой формат больше зашёл.","Чего избегать","Пафоса и навязчивости.","Не будет ли перебора?","Нет, комплименты дозированы и уместны.","Можно попросить конкретику?","Да, задайте контекст — подстроимся.","Это подходит каждый день?","Конечно, по желанию хоть ежедневно.","/chat/chat-komplimentov/|/chat/legkaya-romantika-kazhdyi-den/|/chat/priyatnyi-flirt-dlya-dushi/"
"/chat/rolevye-obrazy-myagko/","Ролевые образы (мягко)","ролевые образы мягко","rolevye-obrazy-myagko","Игра характеров без откровенных описаний: деликатные сценарии.","Нужны ролевые образы мягко? Выберите настроение и попробуйте лёгкую игру.","Открыть ролевую игру","Сценарии без грубости|Контроль тона|Комфортные границы","","Начнём с мягкого сценария без резкости?|Можно переключаться между ролями?|Держим деликатный тон?","Поддерживать мягкий тон|Добавлять короткий вопрос|Соблюдать границы","Без грубости|Без давления|Не делиться личными данными","Как начать","Выберите образ и задайте стартовую сцену.","Что писать дальше","Поддерживайте сценарий, реагируя на ответы.","Чего избегать","Откровенных деталей и давления.","Что значит мягко в ролевых образах?","Без резких тем и прямых описаний — только намёки.","Можно менять роли?","Да, переключайтесь в любой момент.","Подойдёт ли для новичков?","Да, формат дружелюбный.","/chat/onlain-flirt-bez-poshlosti/|/chat/legkie-igry-v-chate/|/chat/igryvyi-ton-bez-riskov/"
"/chat/chat-bez-telefona/","Чат с девушкой без телефона","чат с девушкой без телефона","chat-bez-telefona","Начинайте переписку без привязки номера: просто откройте чат.","Ищете чат с девушкой без телефона? Достаточно нажатия — и диалог начался.","Открыть без телефона","Никаких номеров|Сразу в Telegram|Безопасные границы","","Можно без номера — просто начать?|Давай без личных данных?|Одно нажатие — и в диалог?","Поддерживать мягкий тон|Добавлять короткий вопрос|Соблюдать границы","Без грубости|Без давления|Не делиться личными данными","Как начать","Откройте чат и напишите приветствие.","Что писать дальше","Поддерживайте простые, комфортные темы.","Чего избегать","Запросов личных данных.","Нужен ли номер для входа?","Нет, диалог открывается без запроса номера.","А конфиденциальность?","Соблюдаем приватность, не делитесь личными данными.","Подходит ли для первого знакомства?","Отлично подходит — минимум формальностей.","/chat/chat-bez-nomera/|/chat/anonimnyi-chat-s-devushkoi/|/chat/znakomstvo-bez-nelovkikh-pauz/"
"/chat/chat-bez-nomera/","Чат с девушкой без номера","чат с девушкой без номера","chat-bez-nomera","Минимум шагов — максимум удобства: начните разговор без указания номера.","Нужен чат с девушкой без номера? Откройте диалог и общайтесь комфортно.","Открыть без номера","Без указания номера|Быстрый старт|Дружелюбный тон","","Можно без номера общаться здесь?|Давай начнём без формальностей?|Коротко и по делу — ок?","Поддерживать мягкий тон|Добавлять короткий вопрос|Соблюдать границы","Без грубости|Без давления|Не делиться личными данными","Как начать","Нажмите кнопку и напишите короткое приветствие.","Что писать дальше","Подберите тему и задайте вопрос.","Чего избегать","Личных данных и резкости.","Зачем чат с девушкой без номера?","Чтобы общаться свободно и без лишних данных.","Не упадёт ли качество беседы?","Нет, стиль остаётся тёплым и уважительным.","Можно ли вернуться к диалогу позже?","Да, в удобное время.","/chat/chat-bez-telefona/|/chat/anonimnyi-chat-s-devushkoi/|/chat/perepiska-bez-nelovkosti/"
"/chat/podderzhka-nastroeniya-v-chate/","Поддержка настроения в чате","поддержка настроения в чате","podderzhka-nastroeniya-v-chate","Небольшие тёплые реплики, чтобы день стал проще и светлее.","Нужна поддержка настроения в чате? Пара фраз — и становится легче.","Получить поддержку","Позитивные сообщения|Лёгкие темы|Без давления","","Можно немного позитива сейчас?|Давай что-нибудь доброе и короткое?|Пара слов для настроения?","Поддерживать мягкий тон|Добавлять короткий вопрос|Соблюдать границы","Без грубости|Без давления|Не делиться личными данными","Как начать","Опишите настроение одним предложением.","Что писать дальше","Сохраняйте лёгкие, поддерживающие темы.","Чего избегать","Критики и мрачных деталей.","Работает ли это в стрессовые дни?","Да, формат создан для деликатной поддержки.","Можно ли попросить шутку?","Конечно, в мягкой форме.","Не станет ли слишком личным?","Вы задаёте комфортные границы.","/chat/snyatie-stressa-perepiskoi/|/chat/devushka-dlya-motivacii/|/chat/legkaya-romantika-kazhdyi-den/"
"/chat/sovmestnye-plany-v-chate/","Совместные планы в чате","совместные планы в чате","sovmestnye-plany-v-chate","Обсудите идеи и наметьте шаги — без строгих дедлайнов и прессинга.","Нужны совместные планы в чате? Расскажите, что хотите успеть, и обсудим легко.","Обсудить планы","Брейншторм мягко|Короткие чек-пункты|Спокойный темп","","Давай составим небольшой план?|Можно чек-лист без давления?|Начнём с одного шага?","Поддерживать мягкий тон|Добавлять короткий вопрос|Соблюдать границы","Без грубости|Без давления|Не делиться личными данными","Как начать","Опишите цель и желаемый результат.","Что писать дальше","Разбейте задачу на 3–5 коротких пунктов.","Чего избегать","Строгих дедлайнов и жёстких формулировок.","Можно ли вести список дел?","Да, наметим простые шаги в переписке.","Это подходит для личных целей?","Конечно, поддержим и подбодрим.","Что с флиртом?","По желанию — в деликатной подаче.","/chat/devushka-dlya-motivacii/|/chat/devushka-muza-v-chate/|/chat/podderzhka-nastroeniya-v-chate/"
"/chat/doveritelnyi-razgovor-s-devushkoi/","Доверительный разговор с девушкой","доверительный разговор с девушкой","doveritelnyi-razgovor-s-devushkoi","Говорите о важном аккуратно: вас услышат без оценок и споров.","Нужен доверительный разговор с девушкой? Начните мягко — и дышится легче.","Начать доверительно","Отсутствие оценок|Внимательные ответы|Медленный ритм","","Можно обсудить важное без споров?|Хочется доверительно, спокойно — ок?|Поддержишь без оценок?","Поддерживать мягкий тон|Добавлять короткий вопрос|Соблюдать границы","Без грубости|Без давления|Не делиться личными данными","Как начать","Коротко опишите, что волнует.","Что писать дальше","Задайте один вопрос, который сейчас важен.","Чего избегать","Категоричности и резких выводов.","Не заменяет ли это терапию?","Нет, это просто тёплая переписка, а не профессиональная помощь.","Можно ли говорить о бытовом?","Да, любые повседневные темы уместны.","Как сохранить границы?","Не делитесь личной информацией — это важно.","/chat/razgovor-po-dusham-s-devushkoi/|/chat/podderzhka-i-obshchenie/|/chat/chat-podderzhki-dlya-muzhchin/"
"/chat/trenirovka-small-talk-s-devushkoi/","Тренировка small talk с девушкой","тренировка small talk с девушкой","trenirovka-small-talk-s-devushkoi","Потренируйте лёгкие разговоры и чувство ритма в безопасной среде.","Нужна тренировка small talk с девушкой? Начните с простых тем и коротких реплик.","Потренироваться","Небольшие темы|Практика формулировок|Позитивная обратная связь","","Можно потренировать короткие вступления?|Давай поупражняемся в лёгких темах?|Пара примеров small talk?","Поддерживать мягкий тон|Добавлять короткий вопрос|Соблюдать границы","Без грубости|Без давления|Не делиться личными данными","Как начать","Выберите тему: погода, планы, интересы.","Что писать дальше","Добавляйте вопросы-крючки для продолжения.","Чего избегать","Слишком личных тем и резкости.","Это поможет общению офлайн?","Да, навык лёгкого диалога универсален.","Нужно ли готовиться?","Нет, начнём с простого.","Можно ли перейти к флирту?","Да, мягко и по желанию.","/chat/klassicheskii-flirt-v-soobshcheniyakh/|/chat/chto-napisat-devushke-idei/|/chat/znakomstvo-bez-nelovkikh-pauz/"
"/chat/snyatie-stressa-perepiskoi/","Снятие стресса перепиской","снятие стресса перепиской","snyatie-stressa-perepiskoi","Ненавязчивые сообщения, чтобы переключиться и выдохнуть.","Интересует снятие стресса перепиской? Попробуйте короткий диалог для разгрузки.","Снять стресс","Мягкая разрядка|Спокойные темы|Поддержка без оценок","","Можно пару фраз, чтобы выдохнуть?|Давай поговорим о чём-то лёгком?|Нужна короткая пауза словами?","Поддерживать мягкий тон|Добавлять короткий вопрос|Соблюдать границы","Без грубости|Без давления|Не делиться личными данными","Как начать","Опишите, что нагружает, одним предложением.","Что писать дальше","Переключитесь на нейтральные тёплые темы.","Чего избегать","Самокритики и тяжёлых подробностей.","Помогает ли короткий диалог?","Да, часто достаточно пары тёплых фраз.","Можно ли писать редко?","Да, в удобном темпе.","Есть ли запреты?","Избегаем грубостей и личных данных.","/chat/podderzhka-nastroeniya-v-chate/|/chat/devushka-dlya-motivacii/|/chat/romantika-v-chate/"
"/chat/romantika-v-chate/","Романтика в чате","романтика в чате","romantika-v-chate","Уютные комплименты и атмосфера нежности — аккуратно и со вкусом.","Нужна романтика в чате? Начните с пары мягких фраз и позвольте тону раскрыться.","Открыть романтику","Тёплый стиль|Без пошлости|Выбор образа","","Можно немного романтики без спешки?|Пара нежных слов — ок?|Давай держать деликатный тон?","Поддерживать мягкий тон|Добавлять короткий вопрос|Соблюдать границы","Без грубости|Без давления|Не делиться личными данными","Как начать","Поздоровайтесь и добавьте нежный комплимент.","Что писать дальше","Развивайте уютную тему маленькими шагами.","Чего избегать","Пошлости и навязчивости.","Подойдёт ли для годовщины?","Да, мягкие формулировки уместны для дат.","Можно ли усилить интригу?","Конечно, добавим намёков.","Что с приватностью?","Мы не просим лишнего — берегите свои данные.","/chat/legkii-romanticheskii-chat/|/chat/legkaya-romantika-kazhdyi-den/|/chat/nezhnyi-flirt-v-chate/"
"/chat/sobesednica-bez-lishnikh-voprosov/","Собеседница без лишних вопросов","собеседница без лишних вопросов","sobesednica-bez-lishnikh-voprosov","Минимум уточнений и максимум такта — только то, что хочется обсудить.","Нужна собеседница без лишних вопросов? Пишите коротко и по делу, сохраняя комфорт.","Открыть тактичный чат","Никакого допроса|Тактичные ответы|Ваш темп","","Можно без лишних уточнений?|Давай коротко, по делу и тактично?|Без навязчивости — ок?","Поддерживать мягкий тон|Добавлять короткий вопрос|Соблюдать границы","Без грубости|Без давления|Не делиться личными данными","Как начать","Поздоровайтесь и обозначьте границы тем.","Что писать дальше","Касайтесь только желаемых тем, не торопясь.","Чего избегать","Навязчивых вопросов и давления.","Не будет ли давления?","Нет, только аккуратный диалог.","Можно ли молчать минутами?","Да, паузы — это нормально.","Подходит ли для новой темы?","Да, переключайтесь свободно.","/chat/obshchenie-bez-otsenok/|/chat/spokoinaya-perepiska-s-devushkoi/|/chat/dialog-bez-obyazatelstv/"
"/chat/flirt-dlya-skromnykh/","Флирт для скромных","флирт для скромных","flirt-dlya-skromnykh","Нежные формулировки для тех, кто не любит резких движений.","Нужен флирт для скромных? Начнём с лёгких реплик и деликатных улыбок.","Начать деликатно","Тихий тон|Комплименты без нажима|Плавное развитие","","Можно очень мягко, без прямоты?|Пара деликатных намёков — ок?|Будем держать спокойный ритм?","Поддерживать мягкий тон|Добавлять короткий вопрос|Соблюдать границы","Без грубости|Без давления|Не делиться личными данными","Как начать","Скажите «привет» и добавьте спокойный комплимент.","Что писать дальше","Развивайте тему плавно, слушая реакцию.","Чего избегать","Навязчивости и резкости.","Подойдёт ли новичкам?","Да, формат максимально мягкий.","А если захочу активнее?","Повысим градус без грубостей.","Можно ли остаться в спокойном стиле?","Конечно, всё по вашему ритму.","/chat/myagkii-flirt-dlya-nachinayushchikh/|/chat/nezhnyi-flirt-v-chate/|/chat/onlain-flirt-bez-poshlosti/"
"/chat/perepiska-v-komandirovke/","Переписка в командировке","переписка в командировке","perepiska-v-komandirovke","Короткие тёплые сообщения в дороге — чтобы не ощущать одиночества.","Нужна переписка в командировке? Напишите пару фраз — и станет уютнее.","Открыть в дороге","Короткие реплики|Поддержка на расстоянии|Ненавязчивость","","Можно коротко, я в дороге?|Давай пару тёплых фраз без деталей?|Связь слабая — ок, кратко?","Поддерживать мягкий тон|Добавлять короткий вопрос|Соблюдать границы","Без грубости|Без давления|Не делиться личными данными","Как начать","Сообщите, что вы в пути, и выберите лёгкую тему.","Что писать дальше","Обменивайтесь короткими репликами по ситуации.","Чего избегать","Длинных сообщений и сложных тем.","Подходит ли слабый интернет?","Да, текстовый формат очень лёгкий.","Можно ли пропадать на часы?","Да, отвечайте, когда удобно.","Подойдёт ли поздно вечером?","Да, чат 24/7.","/chat/korotkie-soobshcheniya-s-devushkoi/|/chat/nochnye-razgovory-s-devushkoi/|/chat/vechernie-besedy-s-devushkoi/"
"/chat/perepiska-na-vykhodnykh/","Переписка на выходных","переписка на выходных","perepiska-na-vykhodnykh","Расслабленный тон и приятные темы для субботы и воскресенья.","Нужна переписка на выходных? Начните диалог и отдыхайте душой.","Открыть выходной чат","Неспешные темы|Позитивный настрой|Тёплые намёки","","Можно поспокойнее, выходной же?|Давай говорить о приятном?|Немного легкого флирта — ок?","Поддерживать мягкий тон|Добавлять короткий вопрос|Соблюдать границы","Без грубости|Без давления|Не делиться личными данными","Как начать","Поздоровайтесь и зафиксируйте расслабленный настрой.","Что писать дальше","Поддерживайте темы отдыха и планов.","Чего избегать","Рабочих споров и резкости.","Можно ли писать утром?","Да, как вам удобно.","А если пропущу день?","Ничего страшного — вернётесь позже.","Поддерживается ли флирт?","Да, мягкий и деликатный.","/chat/utrennie-dialogi-s-devushkoi/|/chat/legkaya-romantika-kazhdyi-den/|/chat/romantika-v-chate/"
"/chat/legkie-igry-v-chate/","Лёгкие игры в чате","лёгкие игры в чате","legkie-igry-v-chate","Мини-игры словами: угадайки, ассоциации и игра настроений.","Ищете лёгкие игры в чате? Попробуйте непринуждённые сценарии для разогрева.","Поиграть немного","Ассоциации и угадайки|Ни капли грубости|Под контролем темпа","","Ассоциации на тему «утро»?|Мини-угадайка одним словом?|Игра «3 быстрых вопроса»?","Поддерживать мягкий тон|Добавлять короткий вопрос|Соблюдать границы","Без грубости|Без давления|Не делиться личными данными","Как начать","Предложите простую игру с одним правилом.","Что писать дальше","Поддерживайте ритм короткими репликами.","Чего избегать","Сложных правил и резких тем.","Какие игры возможны?","Ассоциации, вопросы, мини-задания — всё мягко.","Не уйдём ли в пошлость?","Нет, избегаем откровенных тем.","Можно ли остановиться?","Да, в любой момент.","/chat/onlain-flirt-bez-poshlosti/|/chat/igryvyi-ton-bez-riskov/|/chat/klassicheskii-flirt-v-soobshcheniyakh/"
"/chat/vdokhnovlyayushchie-citaty-ot-devushki/","Вдохновляющие цитаты от девушки","вдохновляющие цитаты от девушки","vdokhnovlyayushchie-citaty-ot-devushki","Пара тёплых мыслей, чтобы настроиться на хороший день.","Нужны вдохновляющие цитаты от девушки? Получайте аккуратные фразы без пафоса.","Получить цитату","Короткие цитаты|Добрый оттенок|Поддержка настроя","","Хочется тёплую цитату на сегодня?|Дай одну короткую мысль?|Что-то вдохновляющее без пафоса?","Поддерживать мягкий тон|Добавлять короткий вопрос|Соблюдать границы","Без грубости|Без давления|Не делиться личными данными","Как начать","Попросите тему или настроение для цитаты.","Что писать дальше","Скажите, зашла ли мысль, и попросите ещё одну при желании.","Чего избегать","Пафоса и назидательности.","Это не банально?","Мы выбираем живые, человеческие формулировки.","Можно ли попросить тему?","Да, укажите настроение.","Подходит ли каждый день?","Конечно, при желании — ежедневно.","/chat/legkaya-romantika-kazhdyi-den/|/chat/devushka-dlya-motivacii/|/chat/podderzhka-nastroeniya-v-chate/"
"/chat/znakomstvo-bez-nelovkikh-pauz/","Знакомство без неловких пауз","знакомство без неловких пауз","znakomstvo-bez-nelovkikh-pauz","Старт диалога с подсказками, чтобы тишина не пугала.","Нужно знакомство без неловких пауз? Используйте короткие вопросы и лёгкие темы.","Начать знакомство","Готовые подсказки|Уютный темп|Простое начало","","Можно начать с маленького вопроса?|Давай без тишины — парой лёгких фраз?|Подскажешь нейтральную тему?","Поддерживать мягкий тон|Добавлять короткий вопрос|Соблюдать границы","Без грубости|Без давления|Не делиться личными данными","Как начать","Возьмите один icebreaker и задайте вопрос-крючок.","Что писать дальше","Отмечайте общие точки и развивайте их.","Чего избегать","Застыков и перегруза личным.","Что писать первым делом?","Приветствие и пара добрых слов — отличный вариант.","Если ответа нет?","Подождите немного — всё ок.","Можно ли сменить образ позже?","Да, это просто.","/chat/chto-napisat-devushke-idei/|/chat/klassicheskii-flirt-v-soobshcheniyakh/|/chat/flirt-s-namyokami/"
"/chat/flirt-v-telegram/","Флирт в Telegram","флирт в telegram","flirt-v-telegram","Удобный формат для игры слов и намёков прямо в мессенджере.","Нужен флирт в Telegram? Откройте чат и говорите так, как вам комфортно.","Открыть флирт","Простота входа|Мягкие формулировки|Контроль интенсивности","","Давай во флиртовом тоне, но мягко?|Можно пару намёков вместо прямоты?|Если что — снизим темп, ок?","Поддерживать мягкий тон|Добавлять короткий вопрос|Соблюдать границы","Без грубости|Без давления|Не делиться личными данными","Как начать","Поздоровайтесь и предложите лёгкий формат.","Что писать дальше","Пробуйте игру слов и комплименты без прямоты.","Чего избегать","Навязчивости и резкости.","Подойдёт ли для новичков?","Да, всё максимально дружелюбно.","Как не перейти границы?","Сохраняйте уважение и деликатность.","Можно ли сделать паузы?","Конечно, когда угодно.","/chat/znakomstvo-v-telegram-s-devushkoi/|/chat/onlain-flirt-bez-poshlosti/|/chat/klassicheskii-flirt-v-soobshcheniyakh/"
"/chat/onlain-znakomstvo-s-devushkoi/","Онлайн-знакомство с девушкой","онлайн знакомство с девушкой","onlain-znakomstvo-s-devushkoi","Короткий путь от «привет» до уютной переписки без лишних шагов.","Ищете онлайн-знакомство с девушкой? Пришлите первое сообщение и продолжим.","Начать знакомство","Минимум формальностей|Простой тон|Уютная подача","","Можно первое короткое сообщение от меня?|Давай с простого приветствия?|Пара лёгких фраз — и вперёд?","Поддерживать мягкий тон|Добавлять короткий вопрос|Соблюдать границы","Без грубости|Без давления|Не делиться личными данными","Как начать","Напишите приветствие и обозначьте желаемый ритм.","Что писать дальше","Поддерживайте диалог вопросами и маленькими темами.","Чего избегать","Формальностей и резкости.","Можно первое сообщение от нас?","Да, подскажем мягкий вариант.","Подходит ли для скромных?","Отлично подходит.","Можно ли говорить о хобби?","Конечно, это хороший старт.","/chat/znakomstvo-v-telegram-s-devushkoi/|/chat/znakomstvo-bez-nelovkikh-pauz/|/chat/chto-napisat-devushke-idei/"
"/chat/chat-dlya-flirta-s-devushkoi/","Чат с девушкой для флирта","чат с девушкой для флирта","chat-dlya-flirta-s-devushkoi","Ненавязчивые комплименты и дружелюбный подтекст — всё деликатно.","Нужен чат с девушкой для флирта? Войдите и выберите подходящий образ.","Открыть флирт-чат","Без пошлости|Поддержка тонкой интриги|Выбор настроения","","Давай держать лёгкую интригу?|Можно без прямоты, намёками?|Если что — снижаем градус?","Поддерживать мягкий тон|Добавлять короткий вопрос|Соблюдать границы","Без грубости|Без давления|Не делиться личными данными","Как начать","Скажите, что хотите лёгкий флирт без пошлости.","Что писать дальше","Поддерживайте интерес вопросами и комплиментами.","Чего избегать","Прямых и резких формулировок.","Не станет ли слишком прямо?","Мы сохраняем мягкость и уважение.","Можно ли ослабить флирт?","Да, переключитесь на спокойный режим.","Подойдёт ли вечером?","Отлично ложится на вечер.","/chat/onlain-flirt-bez-poshlosti/|/chat/igra-slov-flirt-bez-poshlosti/|/chat/nezhnyi-flirt-v-chate/"
"/chat/dialog-bez-stressa-s-devushkoi/","Диалог с девушкой без стресса","диалог с девушкой без стресса","dialog-bez-stressa-s-devushkoi","Формат без оценок и давления: говорите так, как комфортно вам.","Ищете диалог с девушкой без стресса? Начните мягко и задайте собственный темп.","Начать без стресса","Мини-сообщения приветствуются|Паузы допустимы|Доброжелательный стиль","","Можно без спешки, спокойнее?|Короткие реплики, когда удобно — ок?|Без оценок и давления?","Поддерживать мягкий тон|Добавлять короткий вопрос|Соблюдать границы","Без грубости|Без давления|Не делиться личными данными","Как начать","Поздоровайтесь и проговорите свой ритм.","Что писать дальше","Сохраняйте короткие, дружелюбные сообщения.","Чего избегать","Самокритики и резкости.","Как не волноваться?","Используйте короткие фразы — мы поддержим.","Можно ли общаться редко?","Да, без обязательств.","Подойдёт ли для утренних чатов?","Отлично работает утром.","/chat/spokoinaya-perepiska-s-devushkoi/|/chat/korotkie-soobshcheniya-s-devushkoi/|/chat/dialog-bez-obyazatelstv/"
"/chat/glubokie-temy-bez-otsenki/","Глубокие темы без оценки","глубокие темы без оценки","glubokie-temy-bez-otsenki","Обсуждаем важное деликатно и без критики — с уважением к границам.","Нужны глубокие темы без оценки? Пишите с комфортом — мы ответим мягко.","Открыть серьёзный диалог","Тактичные ответы|Никаких ярлыков|Тёплая обратная связь","","Можно обсудить серьёзную тему без критики?|Давай деликатно и спокойно?|Без ярлыков и давления — ок?","Поддерживать мягкий тон|Добавлять короткий вопрос|Соблюдать границы","Без грубости|Без давления|Не делиться личными данными","Как начать","Сформулируйте вопрос и обозначьте границы.","Что писать дальше","Держите уважительный тон и паузы.","Чего избегать","Категоричных оценок и личных данных.","Подойдёт ли для серьёзных вопросов?","Да, в деликатной форме.","Можно сменить тему на лёгкую?","В любой момент.","Как насчёт приватности?","Не делитесь личными данными, это важно.","/chat/doveritelnyi-razgovor-s-devushkoi/|/chat/obshchenie-bez-otsenok/|/chat/podderzhka-i-obshchenie/"
"/chat/chat-komplimentov/","Чат комплиментов","чат комплиментов","chat-komplimentov","Небольшая порция добрых слов, когда хочется тепла и внимания.","Нужен чат комплиментов? Попросите тёплую фразу — получайте деликатно и к месту.","Получить комплимент","Без пафоса|Лёгкий позитив|Контроль частоты","","Можно небольшой комплимент аккуратно?|Хочу один добрый акцент — ок?|Ещё один пример, пожалуйста?","Поддерживать мягкий тон|Добавлять короткий вопрос|Соблюдать границы","Без грубости|Без давления|Не делиться личными данными","Как начать","Уточните контекст и желаемый формат.","Что писать дальше","Скажите, что понравилось, и попросите ещё при желании.","Чего избегать","Пафоса и навязчивости.","Не будет ли много комплиментов?","Столько, сколько комфортно вам.","Можно ли про внешность?","Только корректно и деликатно.","Подойдет ли для начала дня?","Да, отличный утренний формат.","/chat/komplimenty-ot-virtualnoi-devushki/|/chat/legkaya-romantika-kazhdyi-den/|/chat/priyatnyi-flirt-dlya-dushi/"
"/chat/devichii-sovet-myagko/","Девичий совет — мягко","девичий совет мягко","devichii-sovet-myagko","Аккуратный взгляд со стороны: без назидания и резких формулировок.","Нужен девичий совет мягко? Задайте вопрос — обсудим уважительно.","Получить совет","Советы без нажима|Небольшие подсказки|Доброжелательная позиция","","Можно взгляд со стороны без морали?|Дай пару мягких вариантов?|Что бы ты предложила деликатно?","Поддерживать мягкий тон|Добавлять короткий вопрос|Соблюдать границы","Без грубости|Без давления|Не делиться личными данными","Как начать","Опишите ситуацию и ограничения.","Что писать дальше","Сравните 2–3 мягких варианта и выберите.","Чего избегать","Категоричности и давления.","Это не экспертные рекомендации?","Нет, просто дружеский взгляд.","Можно ли несколько вариантов?","Да, предложим идеи.","Как сохранить комфорт?","Вы задаёте границы тем.","/chat/doveritelnyi-razgovor-s-devushkoi/|/chat/obshchenie-bez-otsenok/|/chat/podderzhka-i-obshchenie/"
"/chat/igryvyi-ton-bez-riskov/","Игривый тон без рисков","игривый тон без рисков","igryvyi-ton-bez-riskov","Чуть искры и шуток, но без резкости и дискомфорта.","Нужен игривый тон без рисков? Попробуйте пару лёгких реплик и смотрите на отклик.","Начать игриво","Контролируемая искра|Без грубости|Хорошие манеры","","Немного искры, но вежливо?|Пара шуток без перехода границ?|Если что — снизим градус?","Поддерживать мягкий тон|Добавлять короткий вопрос|Соблюдать границы","Без грубости|Без давления|Не делиться личными данными","Как начать","Добавьте шутку и уточните границы комфорта.","Что писать дальше","Следите за реакцией и темпом.","Чего избегать","Грубых шуток и навязчивости.","Не уйдём ли за грань?","Нет, придерживаемся уважения.","Можно смягчить стиль?","Да, переключите образ.","Подойдёт ли для первого контакта?","Отличный вариант.","/chat/igrevaya-devushka-bot/|/chat/onlain-flirt-bez-poshlosti/|/chat/igra-slov-flirt-bez-poshlosti/"
"/chat/myagkii-flirt-dlya-nachinayushchikh/","Мягкий флирт для начинающих","мягкий флирт для начинающих","myagkii-flirt-dlya-nachinayushchikh","Простой вход в игру намёков: корректно, ясно, без спешки.","Нужен мягкий флирт для начинающих? Дадим фразы и поддержим темп.","Попробовать флирт","Подсказки для старта|Без пошлости|Тёплая реакция","","Можно самый мягкий вариант для старта?|Давай с минимальными намёками?|Подскажешь 2–3 фразы?","Поддерживать мягкий тон|Добавлять короткий вопрос|Соблюдать границы","Без грубости|Без давления|Не делиться личными данными","Как начать","Выберите одну подсказку и адаптируйте под себя.","Что писать дальше","Добавляйте вопросы-мостики для продолжения.","Чего избегать","Поспешности и прямоты.","Сложно ли новичку?","Нет, всё максимально просто.","Можно ли ошибаться?","Ничего страшного — подправим мягко.","Подойдёт ли вечером?","Да, отличный вечерний формат.","/chat/flirt-dlya-skromnykh/|/chat/klassicheskii-flirt-v-soobshcheniyakh/|/chat/flirt-s-namyokami/"
"/chat/spokoinyi-flirt-18/","Спокойный флирт 18+","спокойный флирт 18+","spokoinyi-flirt-18","Деликатная атмосфера для совершеннолетних: намёки без откровенностей.","Ищете спокойный флирт 18+? Начните переписку и держите комфортный ритм.","Открыть 18+ флирт","Мягкая подача|Уважительные границы|Без откровенных деталей","","Давай очень деликатно и спокойно?|Без прямоты и подробностей — ок?|Поддержим тёплый тон 18+?","Поддерживать мягкий тон|Добавлять короткий вопрос|Соблюдать границы","Без грубости|Без давления|Не делиться личными данными","Как начать","Обозначьте желаемый уровень намёков.","Что писать дальше","Поддерживайте комфортные темы и ритм.","Чего избегать","Откровенных деталей и давления.","Есть ли возрастной порог?","Да, только для 18+.","Можно ли снизить интенсивность?","Да, всегда можно переключиться на спокойный тон.","Что с безопасностью?","Сохраняйте приватность и не делитесь данными.","/chat/onlain-flirt-bez-poshlosti/|/chat/nezhnyi-flirt-v-chate/|/chat/romantika-v-chate/"
"/chat/obshchenie-bez-otsenok/","Общение с девушкой без оценок","общение с девушкой без оценок","obshchenie-bez-otsenok","Внимание к чувствам и ноль критики — просто тёплый диалог.","Нужно общение с девушкой без оценок? Делитесь мыслями спокойно.","Начать без оценок","Тактичные ответы|Забота о границах|Ровный ритм","","Можно без оценок и ярлыков?|Давай спокойно и уважительно?|Если что — паузы ок?","Поддерживать мягкий тон|Добавлять короткий вопрос|Соблюдать границы","Без грубости|Без давления|Не делиться личными данными","Как начать","Расскажите о настроении и ожиданиях.","Что писать дальше","Держите диалог в добром ключе.","Чего избегать","Критики и давления.","Не будет ли нотаций?","Нет, формат дружелюбный.","Можно шутить?","Конечно, легко и ненавязчиво.","Нужна ли регистрация?","Нет, вход сразу.","/chat/podderzhka-i-obshchenie/|/chat/doveritelnyi-razgovor-s-devushkoi/|/chat/razgovor-po-dusham-s-devushkoi/"
"/chat/onlain-flirt-bez-poshlosti/","Онлайн-флирт без пошлости","онлайн флирт без пошлости","onlain-flirt-bez-poshlosti","Эстетика намёков и улыбок: красиво и уважительно.","Ищете онлайн-флирт без пошлости? Присоединяйтесь и держите стиль.","Открыть стильный флирт","Красивые формулировки|Тонкие намёки|Ноль грубости","","Можно флирт без прямоты и пошлости?|Давай красиво и деликатно?|Поддержим хороший тон?","Поддерживать мягкий тон|Добавлять короткий вопрос|Соблюдать границы","Без грубости|Без давления|Не делиться личными данными","Как начать","Скажите привет и добавьте аккуратный комплимент.","Что писать дальше","Используйте намёки и игру слов.","Чего избегать","Пошлости и резкости.","Подойдёт ли для первого шага?","Да, это аккуратный старт.","Можно ли усилить игру?","Да, но без перегибов.","Что с таймингом ответов?","Отвечайте, когда удобно.","/chat/igra-slov-flirt-bez-poshlosti/|/chat/klassicheskii-flirt-v-soobshcheniyakh/|/chat/flirt-s-namyokami/"
"/chat/chat-podderzhki-dlya-muzhchin/","Чат поддержки для мужчин","чат поддержки для мужчин","chat-podderzhki-dlya-muzhchin","Спокойное участие и уважение к вашему опыту — без лекций и морали.","Нужен чат поддержки для мужчин? Напишите, что тревожит — поговорим тактично.","Получить поддержку","Без осуждения|Тёплые отклики|Свободный темп","","Можно поговорить без морали и лекций?|Нужна спокойная поддержка без оценок?|Пару практичных фраз — ок?","Поддерживать мягкий тон|Добавлять короткий вопрос|Соблюдать границы","Без грубости|Без давления|Не делиться личными данными","Как начать","Опишите ситуацию кратко и честно.","Что писать дальше","Сформулируйте, какая поддержка нужна сейчас.","Чего избегать","Самокритики и резких выводов.","Это частная беседа?","Да, не делитесь личными данными, и сохраняем комфорт.","Можно без флирта?","Конечно, по вашему желанию.","Есть ли подсказки для формулировок?","Да, подскажем мягкие варианты.","/chat/podderzhka-i-obshchenie/|/chat/doveritelnyi-razgovor-s-devushkoi/|/chat/obshchenie-bez-otsenok/"
"/chat/legkaya-romantika-kazhdyi-den/","Лёгкая романтика на каждый день","лёгкая романтика на каждый день","legkaya-romantika-kazhdyi-den","Пара добрых слов в будни — и настроение становится теплее.","Нужна лёгкая романтика на каждый день? Пробуйте короткие, тёплые фразы.","Открыть романтику","Мини-формат|Деликатные комплименты|Без спешки","","Немного нежности на сегодня?|Один тёплый комплимент — ок?|Поддержим настроение спокойно?","Поддерживать мягкий тон|Добавлять короткий вопрос|Соблюдать границы","Без грубости|Без давления|Не делиться личными данными","Как начать","Попросите одну небольшую тёплую фразу.","Что писать дальше","Сообщите, что зашло, и попросите ещё один пример.","Чего избегать","Пафоса и прямоты.","Подойдёт ли утром?","Да, отличный утренний ритуал.","Можно вечером?","Конечно, тоже приятно.","Что если пропущу день?","Ничего страшного — вернётесь позже.","/chat/romantika-v-chate/|/chat/legkii-romanticheskii-chat/|/chat/komplimenty-ot-virtualnoi-devushki/"
"/chat/flirt-chat-bez-riska/","Флирт-чат без риска","флирт чат без риска","flirt-chat-bez-riska","Искра и игра слов под вашим контролем: всё мягко и корректно.","Нужен флирт-чат без риска? Заходите и держите комфортные границы.","Открыть флирт-чат","Контроль интенсивности|Отсутствие грубостей|Простой вход","","Давай очень деликатно, без риска?|Если что — остановимся сразу?|Можно поиграть словами мягко?","Поддерживать мягкий тон|Добавлять короткий вопрос|Соблюдать границы","Без грубости|Без давления|Не делиться личными данными","Как начать","Обозначьте желаемые границы и стиль.","Что писать дальше","Следите за откликом и регулируйте интенсивность.","Чего избегать","Навязчивости и прямоты.","Как не ошибиться?","Следуйте уважительному тону и слушайте себя.","Можно ли полностью убрать флирт?","Да, переключимся на дружеский диалог.","Работает ли ночью?","Да, 24/7.","/chat/igryvyi-ton-bez-riskov/|/chat/onlain-flirt-bez-poshlosti/|/chat/igra-slov-flirt-bez-poshlosti/"
"/chat/nezhnaya-perepiska-s-devushkoi/","Нежная переписка с девушкой","нежная переписка с девушкой","nezhnaya-perepiska-s-devushkoi","Мягкие слова и тёплые реплики — для тех, кто ценит деликатность.","Ищете нежную переписку с девушкой? Начните с приветствия и лёгкого комплимента.","Открыть нежность","Нежный тон|Без резкости|Комфортная атмосфера","","Можно очень нежно и спокойно?|Один аккуратный комплимент для старта?|Держим мягкий ритм?","Поддерживать мягкий тон|Добавлять короткий вопрос|Соблюдать границы","Без грубости|Без давления|Не делиться личными данными","Как начать","Напишите привет и добрую фразу.","Что писать дальше","Поддерживайте уютные темы и намёки.","Чего избегать","Резкости и откровенных деталей.","Подойдёт ли для отдыха?","Да, помогает расслабиться.","Можно добавить интригу?","Немного — в корректной форме.","Нужны ли правила?","Только уважение и приватность.","/chat/nezhnyi-flirt-v-chate/|/chat/legkii-romanticheskii-chat/|/chat/romantika-v-chate/"
"/chat/intriguyushchii-dialog/","Интригующий диалог","интригующий диалог","intriguyushchii-dialog","Намёки и полутона вместо прямых формулировок — держите интерес.","Нужен интригующий диалог? Пишите коротко и загадочно — это увлекает.","Открыть интригу","Полутона|Загадки|Плавное раскрытие","","Начнём с намёка и вопроса?|Держим немного тайны — ок?|Плавно раскрываем детали?","Поддерживать мягкий тон|Добавлять короткий вопрос|Соблюдать границы","Без грубости|Без давления|Не делиться личными данными","Как начать","Формулируйте вопросы с лёгкой интригой.","Что писать дальше","Раскрывайте тему постепенно, реагируя на ответы.","Чего избегать","Спойлеров и прямоты.","Не перегнуть ли с загадками?","Баланс важен — подскажем.","Подходит ли новичкам?","Да, начнём просто.","Можно ли потом перейти к простоте?","Конечно, в любой момент.","/chat/zagadocnaya-perepiska/|/chat/flirt-s-namyokami/|/chat/igra-slov-flirt-bez-poshlosti/"
"/chat/priyatnyi-flirt-dlya-dushi/","Приятный флирт для души","приятный флирт для души","priyatnyi-flirt-dlya-dushi","Немного тепла и игры, чтобы стало бодрее и легче на сердце.","Нужен приятный флирт для души? Присоединяйтесь и получайте тёплые отклики.","Открыть для души","Игра слов без резкости|Деликатные комплименты|Уютная подача","","Давай немного игры слов ради настроения?|Пара тёплых фраз без прямоты?|Мягкий, добрый тон — ок?","Поддерживать мягкий тон|Добавлять короткий вопрос|Соблюдать границы","Без грубости|Без давления|Не делиться личными данными","Как начать","Скажите, что хочется чуть больше тепла.","Что писать дальше","Поддерживайте лёгкие темы и улыбки.","Чего избегать","Навязчивости и пошлости.","Это не займёт много времени?","Можно короткими репликами.","Не выглядеть ли наивно?","Нет, всё по-взрослому и с тактом.","А если захочу серьёзнее?","Плавно сменим тон.","/chat/romantika-v-chate/|/chat/legkaya-romantika-kazhdyi-den/|/chat/nezhnyi-flirt-v-chate/"
"/chat/milaya-perepiska/","Милая переписка","милая переписка","milaya-perepiska","Комплименты и забота без лишних серьёзностей — просто приятно.","Нужна милая переписка? Напишите привет — остальное сложится.","Открыть милый чат","Тёплые слова|Нежные намёки|Деликатность","","Немного милоты без пафоса?|Один тёплый комплимент — и хватит?|Давай в спокойном, добром тоне?","Поддерживать мягкий тон|Добавлять короткий вопрос|Соблюдать границы","Без грубости|Без давления|Не делиться личными данными","Как начать","Поздоровайтесь и добавьте добрую малость.","Что писать дальше","Удерживайте лёгкие темы и улыбки.","Чего избегать","Пафоса и резкости.","Подойдёт ли на перерыве?","Да, идеально для коротких пауз.","Можно вечером?","Конечно.","Есть ли запреты?","Да, избегаем грубостей и личных данных.","/chat/legkaya-romantika-kazhdyi-den/|/chat/romantika-v-chate/|/chat/komplimenty-ot-virtualnoi-devushki/"
"/chat/klassicheskii-flirt-v-soobshcheniyakh/","Классический флирт в сообщениях","классический флирт в сообщениях","klassicheskii-flirt-v-soobshcheniyakh","Проверенная формула: шутка, комплимент, интерес — всё мягко и красиво.","Ищете классический флирт в сообщениях? Возьмите шаблон и адаптируйте под себя.","Открыть классический стиль","Шутка и комплимент|Вопрос для продолжения|Уважение к границам","","Начнём по классике: шутка + комплимент?|Без пошлости, держим стиль?|Вопрос для продолжения подскажешь?","Поддерживать мягкий тон|Добавлять короткий вопрос|Соблюдать границы","Без грубости|Без давления|Не делиться личными данными","Как начать","Используйте формулу: приветствие → лёгкая шутка → комплимент.","Что писать дальше","Задайте вопрос для продолжения темы.","Чего избегать","Шаблонности без адаптации.","Это не выглядит шаблонно?","Мы подскажем естественные формулировки.","Можно обойтись без шуток?","Да, только комплименты и вопросы.","Подойдёт ли новичкам?","Отлично подходит.","/chat/igra-slov-flirt-bez-poshlosti/|/chat/flirt-s-namyokami/|/chat/flirt-v-telegram/"
"/chat/flirt-s-namyokami/","Флирт с намёками","флирт с намёками","flirt-s-namyokami","Тонкие, лёгкие реплики, которые читаются между строк.","Нужен флирт с намёками? Попробуйте пару изящных формулировок.","Открыть намёки","Читайте между строк|Минимум прямоты|Ни капли грубости","","Можно без прямоты, через намёк?|Пара полутонов вместо деталей?|Держим деликатность?","Поддерживать мягкий тон|Добавлять короткий вопрос|Соблюдать границы","Без грубости|Без давления|Не делиться личными данными","Как начать","Скажите «привет» и добавьте полутон.","Что писать дальше","Играйте полутонами и вопросами-мостиками.","Чего избегать","Прямых формулировок и резкости.","Как понять, что уместно?","Сохраняйте уважение и следите за реакцией.","Можно активнее?","По желанию — без перехода границ.","Подойдёт ли поздним вечером?","Да, формат отлично работает.","/chat/igra-slov-flirt-bez-poshlosti/|/chat/onlain-flirt-bez-poshlosti/|/chat/intriguyushchii-dialog/"
"/chat/scenarii-perepiski-s-devushkoi/","Сценарии переписки с девушкой","сценарии переписки с девушкой","scenarii-perepiski-s-devushkoi","Готовые мини-сценарии для разных настроений и случаев.","Нужны сценарии переписки с девушкой? Выбирайте подходящий и начинайте.","Открыть сценарии","Под настроение|Быстрый старт|Без навязывания","","Давай выберем сценарий под настроение?|Можно начать с лёгкой игры слов?|Подскажешь формат для вечера?","Поддерживать мягкий тон|Добавлять короткий вопрос|Соблюдать границы","Без грубости|Без давления|Не делиться личными данными","Как начать","Выберите сценарий и обозначьте цель диалога.","Что писать дальше","Следуйте подсказкам и реагируйте на ответы.","Чего избегать","Жёстких правил и резкости.","Они не слишком театральные?","Нет, лёгкие и жизненные.","Можно менять по ходу?","Да, свободно переключайтесь.","Что если не зайдёт?","Попробуем другой сценарий.","/chat/klassicheskii-flirt-v-soobshcheniyakh/|/chat/legkie-igry-v-chate/|/chat/flirt-s-namyokami/"
"/chat/legkii-romanticheskii-chat/","Лёгкий романтический чат","лёгкий романтический чат","legkii-romanticheskii-chat","Нежный тон и аккуратные эмоции — когда хочется тепла.","Ищете лёгкий романтический чат? Начнём с парочки деликатных фраз.","Открыть романтику","Тёплая подача|Уважение к границам|Выбор образа","","Можно пару нежных фраз для старта?|Давай мягко и спокойно?|Добавим немного романтики?","Поддерживать мягкий тон|Добавлять короткий вопрос|Соблюдать границы","Без грубости|Без давления|Не делиться личными данными","Как начать","Поздоровайтесь и сделайте комплимент.","Что писать дальше","Развивайте тему настроения и маленьких радостей.","Чего избегать","Резкости и пошлости.","Подходит ли утрам?","Да, придаёт настроение.","Можно чуть игривее?","Добавим шуток и искры.","Что с приватностью?","Берегите данные, мы не спрашиваем лишнего.","/chat/romantika-v-chate/|/chat/nezhnyi-flirt-v-chate/|/chat/legkaya-romantika-kazhdyi-den/"
"/chat/dialog-bez-obyazatelstv/","Диалог без обязательств","диалог без обязательств","dialog-bez-obyazatelstv","Общайтесь тогда, когда хотите: никакого давления и дедлайнов.","Нужен диалог без обязательств? Пишите по настроению — формат это поддержит.","Начать свободно","Свободный график|Ноль формальностей|Дружелюбие","","Можно писать эпизодически — это ок?|Без обязательств и дедлайнов?|Держим добрый тон?","Поддерживать мягкий тон|Добавлять короткий вопрос|Соблюдать границы","Без грубости|Без давления|Не делиться личными данными","Как начать","Просто поздоровайтесь и обозначьте, что без обязательств.","Что писать дальше","Пишите по настроению и в удобное время.","Чего избегать","Ощущения долга и давления.","Не бросить ли чат?","Можно делать паузы — это нормально.","Нужно ли что-то подтверждать?","Нет, всё просто.","Подойдёт ли для флирта?","Да, мягкого и деликатного.","/chat/dialog-bez-stressa-s-devushkoi/|/chat/spokoinaya-perepiska-s-devushkoi/|/chat/korotkie-soobshcheniya-s-devushkoi/"
